0,1,2,3,4
0.0,20.61,0.0,0,13.493164
5.0,20.61,0.0,0,14.36621
0.0,20.64,0.0,0,0.1171875
0.5,20.64,0.0,0,0.17578125
0.0,20.64,0.0,0,1.4189453
0.5,20.64,0.0,0,4.084961
0.0,20.64,0.0,0,0.052734375
2.5,20.66,0.0,0,14.243164
1.0,20.64,0.0,0,0.17578125
0.0,20.64,0.0,0,0.1171875
1.0,20.64,0.0,0,0.0
0.5,20.64,0.0,0,1.4775391
0.5,20.64,0.0,0,13.491211
1.5,20.64,0.0,0,0.34570312
1.0,20.64,0.0,0,1.5361328
1.5,20.64,0.0,0,0.6855469
0.0,20.64,0.0,0,0.0
0.5,20.64,0.0,0,13.491211
0.5,20.64,0.0,0,0.234375
0.0,20.64,0.0,0,2.493164
2.5,20.64,0.0,0,0.17578125
0.0,20.64,0.0,0,0.234375
0.0,20.64,0.0,0,13.672852
0.0,20.64,0.0,0,0.1171875
0.0,20.64,0.0,0,13.428711
0.0,20.64,0.0,0,0.234375
0.0,20.64,0.0,0,1.7685547
0.5,20.64,0.0,0,0.96875
0.5,20.64,0.0,0,0.5761719
0.0,20.64,0.0,0,13.549805
0.5,20.64,0.0,0,0.3515625
0.0,20.64,0.0,0,1.4775391
1.5,20.64,0.0,0,0.29296875
0.0,20.64,0.0,0,0.234375
0.5,20.64,0.0,0,13.59668
0.5,20.64,0.0,0,0.17578125
0.0,20.64,0.0,0,1.7363281
1.0,20.64,0.0,0,0.234375
0.0,20.64,0.0,0,0.5097656
0.5,20.64,0.0,0,13.432617
0.0,20.64,0.0,0,0.17578125
1.5,20.64,0.0,0,13.375977
0.5,20.64,0.0,0,0.6269531
5.0,20.64,0.0,0,1.5927734
1.0,20.64,0.0,0,0.234375
0.0,20.64,0.0,0,0.3515625
0.0,20.64,0.0,0,13.374023
0.0,20.64,0.0,0,0.17578125
0.0,20.64,0.0,0,2.053711
1.5,20.64,0.0,0,0.29296875
0.0,20.64,0.0,0,0.234375
0.0,20.64,0.0,0,13.37207
1.0,20.64,0.0,0,0.1171875
0.5,20.64,0.0,0,1.7832031
0.5,20.64,0.0,0,0.29296875
3.5,20.64,0.0,0,0.1171875
0.0,20.64,0.0,0,13.549805
0.0,20.64,0.0,0,0.234375
0.0,20.64,0.0,0,1.5947266
1.5,20.64,0.0,0,0.234375
0.5,20.64,0.0,0,1.5947266
1.5,20.64,0.0,0,0.29296875
0.0,20.64,0.0,0,0.1171875
0.5,20.64,0.0,0,13.59668
0.0,20.64,0.0,0,0.1640625
0.0,20.64,0.0,0,2.1669922
2.5,20.64,0.0,0,0.05859375
2.0,20.64,0.0,0,0.41015625
0.0,20.64,0.0,0,14.008789
0.0,20.64,0.0,0,0.45117188
0.0,20.64,0.0,0,1.7949219
1.0,20.64,0.0,0,0.29296875
0.0,20.64,0.0,0,0.1171875
0.0,20.64,0.0,0,13.31543
0.0,20.64,0.0,0,0.17578125
0.5,20.64,0.0,0,121.1084
0.0,20.64,0.0,0,1.4775391
0.0,20.64,0.0,0,13.555664
0.5,20.66,0.0,0,2.7685547
0.0,20.66,0.0,0,0.22265625
1.0,20.66,0.0,0,0.3515625
0.0,20.66,0.0,0,1.7119141
0.5,20.66,0.0,0,13.493164
0.5,20.64,0.0,0,0.234375
0.0,20.66,0.0,0,0.296875
1.5,20.66,0.0,0,0.234375
0.0,20.66,0.0,0,1.5361328
0.0,20.66,0.0,0,13.610352
0.5,20.66,0.0,0,0.7519531
0.0,20.66,0.0,0,13.491211
0.0,20.66,0.0,0,0.3515625
0.0,20.66,0.0,0,0.05859375
0.5,20.66,0.0,0,0.1171875
0.0,20.66,0.0,0,1.4775391
0.0,20.66,0.0,0,13.612305
0.0,20.66,0.0,0,2.8271484
0.0,20.66,0.0,0,0.1171875
1.5,20.66,0.0,0,0.234375
0.0,20.66,0.0,0,1.4189453
0.0,20.66,0.0,0,13.375977
0.0,20.64,0.0,0,0.29296875
0.0,20.64,0.0,0,0.234375
0.5,20.64,0.0,0,0.1171875
0.5,20.66,0.0,0,1.4775391
0.0,20.64,0.0,0,13.551758
0.0,20.64,0.0,0,0.05859375
5.0,20.66,0.0,0,13.364258
0.0,20.69,0.0,0,0.234375
0.0,20.69,0.0,0,0.05859375
0.5,20.69,0.0,0,0.1171875
0.0,20.72,0.0,0,1.4189453
0.0,20.72,0.0,0,13.999023
0.5,20.72,0.0,0,2.5908203
1.0,20.72,0.0,0,0.3515625
1.0,20.72,0.0,0,0.0
0.0,20.72,0.0,0,1.7119141
0.0,20.72,0.0,0,13.608398
0.0,20.72,0.0,0,0.7519531
0.0,20.72,0.0,0,0.29296875
1.5,20.72,0.0,0,0.05859375
0.0,20.72,0.0,0,1.5947266
1.0,20.72,0.0,0,13.549805
0.5,20.72,0.0,0,0.5683594
0.0,20.72,0.0,0,12.985352
0.0,20.72,0.0,0,0.234375
1.0,20.72,0.0,0,0.3515625
1.0,20.72,0.0,0,0.234375
0.5,20.72,0.0,0,1.6533203
1.0,20.72,0.0,0,13.374023
0.0,20.72,0.0,0,0.29296875
0.5,20.72,0.0,0,0.34570312
1.0,20.72,0.0,0,0.29296875
0.0,20.74,0.0,0,1.5361328
0.5,20.72,0.0,0,13.700195
0.0,20.72,0.0,0,0.1171875
0.0,20.72,0.0,0,0.17578125
2.0,20.72,0.0,0,0.234375
0.0,20.72,0.0,0,2.0478516
1.0,20.72,0.0,0,13.87793
0.5,20.72,0.0,0,0.234375
0.0,20.72,0.0,0,0.1171875
0.5,20.72,0.0,0,0.40429688
0.0,20.72,0.0,0,0.234375
1.0,20.72,0.0,0,0.17578125
0.0,20.74,0.0,0,1.3603516
0.5,20.72,0.0,0,13.430664
0.5,20.72,0.0,0,0.29296875
0.5,20.72,0.0,0,0.29296875
1.5,20.72,0.0,0,0.3515625
1.0,20.74,0.0,0,1.4189453
0.0,20.74,0.0,0,13.489258
0.0,20.74,0.0,0,0.17578125
0.0,20.74,0.0,0,0.1171875
1.0,20.72,0.0,0,0.234375
0.0,20.72,0.0,0,1.4189453
0.0,20.74,0.0,0,13.37207
1.0,20.74,0.0,0,0.3515625
0.5,20.74,0.0,0,0.05859375
0.5,20.74,0.0,0,0.234375
1.0,20.72,0.0,0,1.5947266
1.5,20.74,0.0,0,0.29882812
0.0,20.74,0.0,0,1.4189453
0.0,20.74,0.0,0,13.489258
0.0,20.74,0.0,0,0.17578125
0.0,20.72,0.0,0,0.111328125
1.0,20.74,0.0,0,0.33398438
0.0,20.74,0.0,0,1.5947266
0.0,20.74,0.0,0,13.430664
1.0,20.74,0.0,0,0.234375
0.0,20.72,0.0,0,0.16992188
2.0,20.72,0.0,0,0.234375
1.0,21.81,9.17094,117,11.321289
1.5,21.81,9.118519,135,9.59375
1.5,21.81,9.560345,116,7.794922
0.0,21.83,9.154471,123,5.4414062
2.5,21.81,9.184466,103,23.692383
1.5,21.83,9.171875,128,6.3564453
0.5,21.83,9.165289,121,9.419922
1.5,21.83,9.106796,103,5.0976562
1.5,21.83,9.084112,107,9.234375
0.5,21.83,9.173913,115,20.786133
0.5,21.83,9.323308,133,8.719727
1.5,21.83,9.153846,117,7.2421875
1.5,21.83,9.123967,121,4.845703
0.5,21.83,9.311927,109,9.015625
0.5,21.83,9.183333,120,20.74121
0.5,21.83,9.149607,127,9.595703
0.5,21.83,9.212963,108,22.356445
0.0,21.83,9.1470585,136,7.370117
1.0,21.83,9.148149,108,7.2929688
2.0,21.83,9.212963,108,7.361328
1.0,21.83,9.198198,111,9.033203
1.5,21.83,9.428572,119,25.543945
0.5,21.83,9.114504,131,8.491211
0.5,21.83,9.256,125,6.345703
2.0,21.83,9.123967,121,7.84375
1.0,21.83,9.124031,129,5.0
0.0,21.83,17.123894,113,22.65332
0.0,21.83,9.169642,112,6.9228516
2.0,21.83,9.16129,124,9.144531
1.0,21.83,12.5625,112,10.175781
0.5,21.83,9.418803,117,8.560547
1.0,21.83,9.111111,117,14.643555
0.0,21.83,9.1603775,106,7.689453
1.0,21.83,9.120689,116,21.125977
1.0,21.83,9.086538,104,13.141602
1.0,21.83,9.146552,116,11.341797
2.5,21.83,9.3412695,126,7.419922
1.0,21.83,9.257143,105,9.658203
1.0,21.83,9.114754,122,19.575195
1.0,21.83,9.327586,116,10.454102
0.5,21.83,9.148149,135,6.029297
1.5,21.83,9.136364,110,5.7910156
1.0,21.83,9.177083,96,8.763672
1.0,21.83,9.175439,114,22.442383
0.5,21.83,9.291667,120,10.637695
0.5,21.83,9.145299,117,7.888672
6.6,21.83,9.136752,117,5.6289062
1.5,21.83,9.45283,106,7.7734375
2.5,21.86,9.129032,124,7.2441406
1.5,21.83,9.293578,109,7.0097656
0.5,21.83,9.218488,119,21.024414
1.0,21.83,9.083333,108,10.131836
0.5,21.83,9.194915,118,9.724609
2.5,21.83,9.25862,116,8.140625
1.0,21.83,9.185484,124,7.4375
0.5,21.83,9.274809,131,17.481445
1.5,21.86,9.147826,115,7.3134766
1.5,21.83,9.117117,111,6.3945312
0.5,21.83,9.085714,105,4.6640625
0.5,21.83,9.128713,101,5.4941406
1.0,21.83,9.180181,111,24.469727
0.5,21.86,9.347458,118,9.200195
0.0,21.83,13.4,105,9.5859375
1.5,21.83,9.145162,124,5.6289062
2.0,21.83,9.25,124,7.6835938
2.0,21.83,9.1192665,109,10.490234
0.5,21.83,9.112782,133,7.3984375
1.0,21.75,9.113208,106,20.385742
0.5,21.75,9.072727,110,8.389648
1.0,21.75,9.101851,108,7.3476562
1.5,21.73,9.235294,102,5.0976562
0.5,21.75,9.168224,107,7.8095703
2.0,21.65,9.038095,105,20.15918
2.0,21.65,9.075,120,8.133789
0.5,21.65,9.165289,121,9.1796875
1.0,21.65,14.443548,124,8.865234
0.5,21.65,9.18644,118,9.974609
1.0,21.65,9.068377,117,23.916992
1.0,21.65,9.355556,135,6.415039
0.5,21.65,9.111111,108,4.482422
0.5,21.65,9.193877,98,8.77832
1.5,21.65,9.226891,119,8.871094
1.5,21.65,9.154546,110,10.792969
0.5,21.65,9.140845,142,8.246094
0.5,21.65,9.12037,108,19.706055
0.5,21.65,13.726496,117,8.77832
1.0,21.63,9.084745,118,6.8535156
2.0,21.65,9.30597,134,10.451172
1.5,21.65,9.094017,117,9.021484
0.5,21.65,9.292683,123,21.104492
1.0,21.65,9.131313,99,10.491211
1.0,21.65,9.129771,131,5.625
2.0,21.65,9.122951,122,7.6875
1.0,21.65,9.166667,102,5.953125
3.0,21.65,9.118182,110,21.516602
0.5,21.65,9.794871,117,8.950195
1.5,21.65,9.076336,131,7.0117188
0.5,21.65,9.169492,118,9.459961
1.0,21.65,9.214876,121,5.5058594
2.5,21.65,9.107142,112,9.591797
1.0,21.65,15.784483000000002,116,8.25
1.5,21.65,9.115385,130,20.157227
0.0,21.65,9.166667,108,10.383789
1.0,21.65,9.097015,134,5.169922
1.5,21.65,9.209091,110,7.7910156
1.0,21.65,9.149532,107,6.4003906
0.5,21.65,9.118182,110,20.993164
0.5,21.65,9.139344,122,14.155273
1.5,21.65,11.746155000000002,130,7.013672
2.0,21.65,9.104,125,5.560547
2.0,21.65,9.100841,119,8.183594
1.0,21.65,10.732824,131,22.027344
0.0,21.65,9.122807,114,9.737305
0.0,21.65,9.133928,112,19.719727
1.0,21.65,9.145162,124,9.618164
1.0,21.65,9.258928,112,10.943359
1.5,21.65,9.172414,116,7.8066406
1.5,21.68,9.18644,118,6.4960938
0.5,21.65,9.102804,107,21.049805
1.0,21.65,9.137931,116,9.061523
2.0,21.68,10.413462,104,12.4765625
1.5,21.65,12.765217,115,11.3125
1.0,21.65,9.102363,127,7.8046875
1.5,21.65,9.190476,105,22.973633
1.0,21.63,9.139344,122,8.237305
0.0,21.65,9.111111,117,8.701172
1.5,21.65,9.124087,137,5.1015625
0.5,21.63,9.178572,112,6.939453
1.5,21.65,9.170213,94,10.785156
1.0,21.63,11.705883,119,7.3007812
1.0,21.65,9.111111,117,19.661133
1.5,21.65,9.198276,116,9.46582
0.0,21.65,16.991596,119,4.5566406
1.5,21.65,9.163462,104,9.337891
1.5,21.65,9.112,125,5.0976562
1.0,21.65,9.162162,111,22.53418
0.5,21.68,9.168141,113,9.647461
1.0,21.68,9.095653,115,10.451172
2.0,21.68,9.289474,114,10.03125
1.0,21.68,9.158334,120,8.3359375
2.5,21.68,9.412699,126,20.124023
1.0,21.73,9.126865,134,6.6220703
1.0,21.68,9.141509,106,20.18457
1.0,21.7,9.196581,117,7.006836
1.0,21.68,9.227723,101,7.3671875
1.5,21.68,9.16,100,9.183594
2.5,21.68,9.353448,116,8.386719
1.0,21.68,9.175439,114,20.99121
1.0,21.65,9.079208,101,13.214844
1.0,21.65,9.152672,131,6.7148438
1.5,21.65,9.109375,128,6.779297
1.5,21.65,9.174757,103,10.923828
1.0,21.65,9.151515,132,18.735352
1.5,21.65,9.201835,109,8.086914
0.5,21.65,9.137614,109,6.841797
2.0,21.65,9.2616825,107,8.705078
1.0,21.65,9.138614,101,7.9472656
2.0,21.65,9.451923,104,19.198242
1.0,21.65,9.144144,111,9.547852
2.0,21.65,9.140496,121,19.905273
1.0,21.65,9.162394,117,8.151367
1.5,21.65,9.193548,124,11.083984
2.0,21.65,10.383333,120,6.8496094
0.5,21.65,9.193277,119,9.640625
0.0,21.65,9.068182,132,22.39746
1.0,21.65,9.121495,107,6.713867
1.5,21.65,9.887755,98,6.9140625
1.0,21.65,9.231405,121,9.65625
1.5,21.65,9.157408,108,10.5
1.0,21.65,9.159722,144,20.27246
0.0,21.65,9.178218,101,9.879883
1.0,21.65,9.178862,123,6.3398438
2.0,21.65,9.162394,117,9.386719
0.5,21.65,9.25,136,9.677734
1.0,21.65,9.146552,116,20.805664
1.0,21.65,9.195122,123,7.319336
1.0,21.65,9.165049,103,23.27832
0.5,21.65,9.114504,131,7.821289
1.5,21.65,9.176471,119,9.761719
2.0,21.65,9.105769,104,5.0429688
1.5,21.65,9.342592,108,7.7441406
1.0,21.65,9.182609,115,22.405273
1.0,21.65,9.186567,134,8.545898
0.0,21.65,9.205129,117,8.130859
2.5,21.65,9.163935,122,4.2226562
1.0,21.65,9.158878,107,8.638672
1.0,21.65,9.175,120,20.09668
1.0,21.65,9.133859,127,10.469727
0.5,21.65,9.214953,107,6.779297
1.0,21.65,9.392858,140,12.800781
1.0,21.65,9.125,104,7.392578
2.5,21.65,9.157408,108,22.25586
1.5,21.65,9.217391,115,8.136719
1.0,21.65,9.161017,118,23.805664
1.0,21.65,16.821705,129,7.8251953
1.0,21.65,9.178294,129,4.5009766
1.5,21.65,9.237288,118,7.1816406
0.5,21.65,9.2213745,131,6.060547
1.0,21.65,9.189189,111,24.208008
1.0,21.65,9.149123,114,9.141602
1.0,21.65,9.176,125,7.7441406
2.0,21.65,9.178572,112,5.21875
0.5,21.65,9.139131,115,6.4453125
2.5,21.65,9.288136,118,21.45996
0.5,21.65,9.148149,108,9.874023
0.5,21.65,9.131579,114,5.6132812
2.0,21.65,9.3714285,105,8.542969
0.5,21.65,9.168067,119,9.142578
1.5,21.65,9.184874,119,8.706055
1.5,21.63,9.144144,111,6.4003906
1.5,21.63,12.682925999999998,123,22.458008
0.0,21.65,9.173913,115,10.448242
0.5,21.63,9.1605835,137,6.578125
2.0,21.65,9.189189,111,4.154297
1.0,21.65,9.234694,98,8.708984
0.5,21.63,18.081081,111,20.399414
0.5,21.65,9.196581,117,5.520508
1.0,21.65,9.381356,118,7.859375
2.0,21.65,9.275862,116,6.345703
3.0,21.65,9.186916,107,10.167969
1.5,21.65,11.161291,124,17.063477
1.5,21.65,9.172728,110,10.500977
0.5,21.65,9.221239,113,7.8515625
1.0,21.65,9.25862,116,10.123047
2.5,21.65,9.169642,112,8.185547
2.0,21.65,11.398375,123,9.313477
1.5,21.65,9.2,125,7.5253906
0.0,21.65,9.233577,137,18.813477
0.5,21.65,11.273584,106,9.022461
1.0,21.65,9.234782,115,5.044922
2.0,21.65,9.171718,99,9.271484
2.5,21.65,9.221154,104,7.408203
3.0,21.68,9.141593,113,20.90918
1.0,21.65,9.151786,112,8.782227
1.5,21.78,9.15534,103,9.21875
1.5,21.83,9.19403,134,10.970703
0.5,21.83,9.174603,126,6.845703
1.0,21.83,9.217822,101,25.387695
1.0,21.83,9.186567,134,7.508789
3.0,21.88,9.196261,107,6.580078
2.0,21.68,9.563637,110,6.7773438
0.5,21.68,9.214286,112,7.8535156
1.5,21.65,9.3092785,97,11.155273
0.5,21.65,9.198113,106,8.00293
1.0,21.65,9.19266,109,22.28418
1.0,21.65,9.165289,121,8.719727
0.5,21.65,9.237288,118,5.8242188
1.5,21.65,9.217742,124,7.8046875
3.0,21.65,9.491526,118,7.126953
2.0,21.65,9.128205,117,23.983398
0.0,21.65,9.240602,133,10.844727
0.5,21.65,9.518518,108,5.0507812
1.5,21.65,14.170000000000002,100,7.419922
1.0,21.65,9.193277,119,7.6777344
1.5,21.65,9.229358,109,20.495117
1.0,21.65,9.237762,143,8.211914
1.0,21.65,9.215686,102,9.576172
1.0,21.65,9.258064,124,6.9189453
1.0,21.65,9.161017,118,9.490234
2.0,21.65,9.176923,130,10.204102
1.0,21.65,9.210084,119,6.5664062
2.0,21.65,10.516666,120,21.363281
2.5,21.65,9.205607,107,11.858398
1.5,21.68,9.207692,130,9.4296875
1.5,21.65,9.166667,120,8.517578
2.5,21.68,9.23,100,7.296875
0.5,21.65,9.207208,111,21.069336
1.0,21.65,9.25862,116,9.086914
1.0,21.65,13.956522,138,5.4414062
2.0,21.65,9.259259,108,10.724609
1.0,21.65,9.563492,126,5.279297
1.5,21.65,9.201835,109,20.666992
1.0,21.65,9.190083,121,8.180664
0.5,21.68,9.277778,126,12.079102
1.5,21.65,9.365385,104,8.130859
0.5,21.65,9.178572,140,8.691406
2.5,21.68,9.280374,107,9.891602
0.0,21.65,9.220183,109,7.7539062
1.0,21.65,9.238938,113,19.885742
2.5,21.65,9.333333,120,9.549805
1.5,21.65,11.82677,127,5.9433594
1.0,21.65,9.2153845,130,4.9296875
1.0,21.65,9.278688,122,9.207031
1.0,21.65,9.181103,127,21.112305
0.0,21.65,9.27027,111,9.389648
1.5,21.65,9.508772,114,10.980469
1.0,21.65,9.262295,122,6.126953
0.5,21.65,9.247863,117,6.328125
1.0,21.65,9.236842,114,20.545898
0.0,21.65,9.215517,116,9.486328
0.5,21.65,9.224299,107,20.672852
2.0,21.65,9.230088,113,7.301758
1.5,21.65,9.209091,110,6.4628906
1.0,21.65,12.699116,113,10.260742
1.0,21.65,17.725,120,7.8164062
0.5,21.65,9.230088,113,23.526367
1.5,21.65,9.254098,122,12.129883
1.5,21.65,9.208695,115,7.4121094
1.0,21.65,9.268657,134,8.158203
0.0,21.65,9.25862,116,4.71875
0.5,21.65,9.244898,98,20.118164
1.5,21.65,9.201835,109,11.913086
2.0,21.7,9.42735,117,9.605469
2.5,21.68,9.778688,122,7.7304688
0.5,21.65,9.232142,112,6.9628906
1.0,21.65,9.231482,108,21.481445
0.0,21.65,9.263566,129,3.8144531
1.0,21.65,9.785047,107,22.973633
0.0,21.65,9.247787,113,8.139648
1.0,21.65,9.216216,111,7.861328
2.5,21.65,9.211864,118,12.819336
1.0,21.65,9.256198,121,6.3496094
2.5,21.65,9.248062,129,21.124023
0.5,21.65,9.283582,134,9.557617
1.0,21.65,9.225491,102,9.027344
1.0,21.65,9.252101,119,6.7890625
0.0,21.65,9.276596,94,9.099609
0.5,21.65,9.224299,107,22.737305
2.0,21.65,9.212389,113,8.313477
0.0,21.65,9.247787,113,5.2246094
2.0,21.65,9.19,100,7.8632812
2.0,21.65,9.236641,131,9.546875
0.0,21.65,9.2153845,130,19.379883
2.0,21.65,9.25,104,10.833984
1.0,21.65,9.265152,132,10.829102
0.5,21.65,9.455358,112,6.8603516
1.0,21.65,9.252427,103,8.193359
1.5,21.65,12.225224999999998,111,9.366211
0.5,21.65,9.24,100,9.2734375
1.0,21.68,9.190476,105,17.416992
1.0,21.65,9.220183,109,9.991211
1.5,21.65,9.277311,119,8.699219
2.0,21.65,9.305785,121,5.4335938
0.5,21.65,9.459017,122,7.4023438
1.0,21.65,10.169492,118,19.948242
1.5,21.65,11.88983,118,10.508789
1.0,21.65,9.477612,134,10.822266
1.0,21.65,9.572816,103,5.8222656
2.0,21.65,9.266666,105,6.8945312
1.5,21.65,9.254237,118,26.176758
2.0,21.65,9.236842,114,8.251953
1.5,21.65,9.218978,137,13.848633
0.0,21.65,9.398058,103,11.713867
1.0,21.65,9.235772,123,5.6054688
1.0,21.65,9.295082,122,9.783203
1.5,21.65,9.338583,127,9.298828
1.0,21.65,10.632479,117,20.99707
0.5,21.65,9.262295,122,9.217773
1.0,21.65,9.220183,109,11.828125
2.0,21.65,9.301587,126,9.994141
2.0,21.65,9.31405,121,8.4296875
0.5,21.65,9.227723,101,23.219727
0.5,21.68,9.256881,109,8.149414
0.5,21.68,9.252174,115,8.5859375
1.5,21.65,9.219858,141,6.841797
1.5,21.65,9.288462,104,10.517578
0.5,21.68,9.361539,130,18.87207
1.0,21.65,9.280374,107,6.3359375
0.5,21.68,9.278688,122,6.401367
1.0,21.65,9.259843,127,6.741211
1.5,21.65,16.716982,106,8.261719
1.5,21.65,9.26087,138,10.109375
1.0,21.65,9.305555,108,7.838867
0.5,21.68,9.305555,108,21.118164
0.0,21.68,9.223214,112,6.9814453
1.0,21.65,9.206612,121,5.4921875
1.5,21.65,9.16923,130,6.7734375
1.0,21.65,9.16,125,6.392578
2.0,21.65,9.262295,122,23.86914
0.0,21.65,9.19697,132,9.110352
1.0,21.65,9.31132,106,7.794922
1.5,21.65,9.210526,114,10.865234
1.5,21.65,9.264,125,5.6035156
1.5,21.65,9.265487,113,22.02246
1.5,21.65,9.243478,115,7.7890625
0.5,21.65,9.2672415,116,22.719727
0.5,21.65,9.276191,105,8.416992
1.5,21.65,9.252174,115,5.890625
2.0,21.65,9.449541,109,6.513672
2.0,21.65,9.221239,113,6.841797
0.5,21.65,16.196722,122,20.487305
0.5,21.65,9.219298,114,9.161133
0.5,21.65,9.268292,123,10.0390625
1.5,21.65,9.2972975,111,9.083984
0.5,21.65,9.279411,136,8.776367
1.0,21.65,9.309734,113,16.563477
1.0,21.65,9.29,100,9.334961
1.5,21.65,9.460177,113,9.228516
1.5,21.65,9.239316,117,8.541016
1.0,21.65,9.285714,119,8.248047
1.5,21.65,9.27027,111,21.00293
1.0,21.65,9.284404,109,9.600586
1.0,21.65,10.535433,127,18.094727
1.0,21.65,9.731482,108,10.948242
1.0,21.65,13.283186,113,6.576172
1.5,21.65,9.276786,112,7.3496094
0.0,21.65,9.25,116,9.1953125
0.0,21.68,9.277778,126,20.145508
1.5,21.65,9.269841,126,8.709961
0.0,21.65,9.267176,131,9.646484
1.5,21.68,9.276191,105,10.392578
1.0,21.68,9.252101,119,6.5117188
1.5,21.68,9.296703,91,21.875977
6.0,21.65,9.281818,110,82.29199
0.5,21.65,9.318966,116,6.453125
2.0,21.68,9.263637,110,5.4335938
1.5,21.65,9.267326,101,8.128906
0.5,21.65,9.2846155,130,22.711914
0.5,21.68,9.287879,132,6.4003906
1.5,21.65,9.476191,105,22.89746
1.0,21.68,9.310606,132,6.071289
1.0,21.68,9.266055,109,6.1289062
1.5,21.65,9.524272,103,7.7441406
0.5,21.65,9.259259,108,7.0097656
0.0,21.65,9.294118,102,20.388672
1.0,21.68,9.3027525,109,5.9072266
0.5,21.65,9.275229,109,7.6914062
1.5,21.65,9.272727,121,7.3535156
1.5,21.65,9.211864,118,6.341797
1.0,21.65,9.264462,121,19.780273
0.5,21.65,9.289256,121,9.189453
2.0,21.65,9.279661,118,7.341797
2.5,21.65,14.953846,130,9.138672
0.0,21.65,10.509804,102,6.4003906
1.0,21.65,9.3,110,9.183594
1.5,21.65,9.307017,114,6.576172
1.0,21.65,9.610169,118,19.77832
1.0,21.65,9.303703,135,7.758789
1.0,21.65,9.306931,101,9.5234375
2.0,21.65,10.286885,122,12.400391
0.5,21.65,9.296,125,9.130859
0.5,21.65,9.276923,130,22.061523
0.0,21.65,14.829059999999998,117,10.241211
0.5,21.65,9.311476,122,9.029297
1.5,21.65,9.345795,107,9.994141
0.0,21.65,9.309524,126,10.353516
1.0,21.65,9.279661,118,18.805664
0.5,21.65,9.317307,104,9.99707
1.0,21.65,9.759259,108,7.3671875
1.5,21.65,9.310345,116,9.495117
1.0,21.65,9.266187,139,7.984375
0.5,21.65,9.293578,109,15.676758
0.5,21.68,9.275591,127,6.1621094
0.5,21.68,9.266055,109,21.063477
1.5,21.65,9.277311,119,7.930664
1.0,21.68,9.325397,126,3.1328125
2.5,21.68,9.504673,107,9.955078
0.5,21.68,16.555555,135,10.046875
1.5,21.68,9.330358,112,19.706055
1.5,21.65,9.308412,107,9.109375
1.0,21.68,9.378378,111,4.4003906
2.5,21.68,12.057377,122,6.904297
0.5,21.65,9.302325,129,9.025391
0.5,21.65,9.31746,126,21.555664
1.0,21.68,9.309524,126,10.036133
1.0,21.65,9.341085,129,5.1640625
1.5,21.68,9.361905,105,5.901367
1.0,21.68,9.327586,116,11.439453
2.0,21.65,9.308943,123,6.5097656
2.0,21.65,9.32258,124,8.431641
0.0,21.65,9.586538,104,20.53418
1.0,21.65,9.862069,116,8.977539
1.0,21.68,11.737863999999998,103,6.1152344
1.0,21.65,9.319673,122,5.560547
0.0,21.65,15.555554999999998,108,7.0058594
0.5,21.68,9.324561,114,28.529297
1.0,21.65,9.308333,120,8.088867
0.5,21.68,9.275862,116,9.001953
2.0,21.65,9.31356,118,6.4589844
0.5,21.65,9.267858,112,13.1796875
0.0,21.65,9.303703,135,22.448242
1.0,21.65,9.278261,115,5.0654297
1.0,21.68,9.61,100,8.748047
1.5,21.68,9.382608,115,11.073242
1.5,21.68,9.293103,116,11.087891
2.5,21.68,9.369748,119,8.103516
1.5,21.68,9.388889,108,6.5722656
0.0,21.68,9.6306305,111,21.384766
0.0,21.68,15.20155,129,7.416992
0.5,21.68,9.317757,107,6.966797
2.0,21.68,9.535714,112,7.3632812
1.0,21.68,9.318182,110,5.0507812
1.0,21.68,13.214285,126,19.90332
1.0,21.68,9.266666,120,6.9716797
1.0,21.65,9.328125,128,5.9375
1.0,21.68,9.322835,127,9.074219
1.0,21.68,9.584906,106,7.794922
1.5,21.65,9.35,120,8.894531
1.0,21.68,9.333333,90,6.388672
1.0,21.68,9.472727,110,21.879883
1.0,21.65,9.300813,123,3.6044922
1.0,21.68,9.326923,104,7.623047
1.5,21.65,9.368932,103,10.1015625
1.0,21.68,9.288,125,8.306641
2.0,21.68,9.325758,132,20.61621
1.5,21.65,11.009174000000002,109,10.436523
0.0,21.65,9.302325,129,4.9960938
2.0,21.65,9.541285,109,8.453125
1.0,21.65,9.3396225,106,8.042969
0.5,21.65,9.314815,108,18.364258
0.5,21.65,9.346939,98,9.719727
0.0,21.65,9.315315,111,6.220703
2.0,21.65,9.345795,107,6.7265625
1.5,21.65,9.308333,120,9.152344
1.5,21.65,9.282258,124,8.724609
1.0,21.65,9.360656,122,5.439453
1.0,21.65,9.333333,120,18.856445
1.0,21.65,16.97479,119,8.432617
1.5,21.65,9.317073,123,6.3339844
1.0,21.65,9.403846,104,7.7421875
0.5,21.65,9.361111,108,8.287109
1.5,21.65,9.65,120,20.891602
1.0,21.65,9.278688,122,6.973633
1.0,21.65,9.3046875,128,7.296875
2.5,21.65,9.333333,99,8.125
39.4,21.71,11.676056,142,10.714844
43.8,21.7,9.553846,130,28.51074
37.5,21.7,9.561905,105,8.537109
42.7,21.7,10.007692,130,19.702148
38.0,21.72,9.521739,115,8.750977
42.5,21.7,9.464286,112,8.589844
40.2,21.7,9.564516,124,7.5097656
40.5,21.72,9.526316,114,9.041016
44.2,21.7,9.486486,111,21.202148
56.5,21.72,9.416,125,9.926758
40.2,21.7,9.72093,129,20.62207
30.7,21.7,9.53913,115,7.763672
41.0,21.72,9.504587,109,6.8320312
39.3,21.72,9.419354,93,7.9160156
42.5,21.72,9.495575,113,2.8066406
39.3,21.72,9.627273,110,19.670898
42.5,21.72,9.616161,99,8.206055
43.0,21.72,9.544716,123,11.146484
40.2,21.7,17.064516,124,9.37793
42.9,21.7,9.656,125,7.3691406
54.5,21.7,9.589148,129,21.000977
50.3,21.7,9.509091,110,6.194336
27.6,21.7,9.429907,107,8.183594
38.2,21.7,9.56701,97,6.9589844
37.5,21.7,9.438461,130,6.451172
44.6,21.7,9.561403,114,10.542969
42.5,21.7,9.5,116,13.069336
36.2,21.7,9.634328,134,20.286133
43.8,21.7,9.55,120,7.868164
34.3,21.7,10.901639,122,7.0703125
47.3,21.7,9.619469,113,6.283203
30.8,21.7,9.543103,116,7.7460938
30.5,21.7,10.743119,109,18.524414
38.7,21.7,9.531746,126,9.915039
37.5,21.7,9.557522,113,8.875
44.3,21.7,9.457627,118,7.3398438
37.6,21.7,14.07438,121,3.0136719
43.8,21.7,9.684211,95,6.0097656
36.3,21.7,9.48062,129,8.65332
43.6,21.7,9.5,116,18.481445
40.5,21.7,9.418033,122,8.885742
48.7,21.72,9.572727,110,8.615234
35.7,21.72,9.470085,117,8.714844
30.8,21.7,9.43662,142,6.3496094
46.2,21.7,9.443397,106,19.516602
37.5,21.7,9.416667,108,12.68457
42.5,21.7,9.491072,112,5.875
37.7,21.7,9.475806,124,10.408203
42.8,21.7,9.466102,118,8.646484
36.5,21.7,9.461538,104,19.72168
43.2,21.7,9.576,125,8.639648
39.8,21.7,9.413794,116,19.735352
45.2,21.7,9.414414,111,8.446289
31.7,21.7,9.432432,111,9.0859375
36.2,21.7,9.672132,122,6.392578
38.3,21.7,9.491228,114,7.7871094
38.0,21.7,9.449541,109,20.225586
45.0,21.7,9.49138,116,9.21582
40.0,21.72,9.555555,117,5.3828125
43.8,21.72,15.009259,108,7.6328125
40.0,21.7,12.983471,121,6.1875
40.5,21.7,9.974138,116,18.93457
42.0,21.72,9.734513,113,13.112305
52.7,21.7,9.512605,119,8.136719
44.2,21.7,9.404959,121,8.621094
38.2,21.7,9.467213,122,7.2460938
38.8,21.7,10.192307,130,11.013672
37.0,21.72,9.491803,122,5.3945312
43.0,21.72,9.361702,94,19.37793
44.0,21.72,9.485981,107,9.216797
38.8,21.72,9.689075,119,10.306641
44.0,21.72,9.433333,120,8.625
37.8,21.72,9.46729,107,7.4648438
42.5,21.72,9.490196,102,18.823242
33.7,21.72,9.438017,121,11.40918
40.7,21.72,9.478261,138,8.636719
42.4,21.72,9.550847,118,6.017578
39.5,21.72,9.473214,112,5.2753906
41.0,21.72,9.4453125,128,8.136719
39.0,21.72,9.528302,106,11.204102
44.0,21.72,9.4375,128,19.25293
35.8,21.72,9.406593,91,7.178711
42.7,21.72,9.449613,129,5.501953
39.2,21.72,9.421569,102,7.279297
42.7,21.7,9.456897,116,7.361328
31.3,21.72,9.4375,112,22.586914
47.7,21.72,9.404255,141,12.029297
41.5,21.7,23.85606,132,5.6152344
41.5,21.7,9.451923,104,7.7382812
36.8,21.7,9.435115,131,6.0820312
44.4,21.7,9.432203,118,6.623047
43.5,21.7,9.517544,114,7.6835938
38.0,21.72,9.438017,121,22.08496
43.5,21.7,9.5172415,116,10.99707
34.3,21.7,9.457944,107,9.0
45.7,21.72,9.700788,127,7.2304688
36.0,21.7,9.977612,134,9.1015625
34.2,21.72,9.419642,112,20.506836
39.5,21.7,9.495238,105,7.301758
41.2,21.7,9.452632,95,9.599609
40.7,21.7,20.930435,115,8.256836
42.3,21.72,9.417476,103,6.1757812
39.4,21.7,9.457143,105,20.770508
36.3,21.7,9.459017,122,10.644531
43.8,21.72,10.032,125,23.354492
36.5,21.72,9.484127,126,8.490234
40.0,21.72,9.468254,126,6.5195312
37.7,21.72,9.638889,108,7.9140625
29.5,21.72,9.407408,108,4.7246094
41.3,21.72,9.485436,103,24.325195
37.5,21.72,9.424,125,6.709961
42.1,21.7,9.522124,113,8.707031
36.4,21.72,9.491667,120,5.5585938
43.8,21.72,9.684211,133,5.673828
38.0,21.72,9.465517,116,21.02832
44.7,21.72,9.451612,124,11.774414
30.5,21.72,9.4789915,119,4.5976562
42.0,21.72,9.450451,111,11.163086
53.5,21.72,9.527778,108,8.361328
29.4,21.72,9.496241,133,8.248047
40.9,21.72,9.512605,119,6.232422
41.8,21.72,9.513043,115,19.631836
41.8,21.72,12.522124,113,8.198242
35.5,21.72,9.448598,107,8.837891
44.7,21.72,12.288136,118,8.8046875
35.7,21.72,9.504425,113,6.8398438
47.0,21.72,9.528456,123,18.442383
30.5,21.72,9.413794,116,7.600586
41.0,21.72,9.543103,116,8.816406
53.8,21.72,9.528571,140,3.7597656
1.0,21.65,9.2890625,128,9.220703
1.5,21.65,9.333333,117,24.317383
0.5,21.68,9.364964,137,10.920898
1.0,21.68,9.358974,117,9.416016
1.0,21.65,9.353448,116,10.044922
2.0,21.65,9.631579,114,8.691406
2.0,21.65,9.865546,119,7.7871094
0.5,21.65,9.317073,123,6.3378906
1.5,21.65,9.373737,99,23.047852
1.0,21.65,9.381818,110,9.663086
0.5,21.65,9.301724,116,8.580078
1.0,21.65,9.262411,141,7.939453
1.0,21.65,9.300971,103,10.021484
1.0,21.65,9.341085,129,20.804688
1.0,21.65,9.381818,110,9.489258
2.5,21.65,14.933884,121,6.84375
0.5,21.68,9.274194,124,6.9472656
1.0,21.65,9.36036,111,9.59375
1.0,21.65,9.310606,132,21.051758
2.0,21.65,9.333333,111,9.161133
0.5,21.65,9.357799,109,6.0566406
1.5,21.65,9.330358,112,6.803711
1.0,21.65,9.2846155,130,7.9179688
2.5,21.65,9.380165,121,51.132812
1.0,21.65,17.877048,122,8.958984
2.0,21.65,9.3149605,127,19.188477
0.5,21.65,9.352,125,7.7216797
1.0,21.65,9.327434,113,7.7304688
2.5,21.65,9.324325,111,7.3535156
1.5,21.65,9.291339,127,7.2890625
2.0,21.65,10.008197,122,20.04004
1.0,21.68,9.317757,107,8.643555
1.5,21.65,9.318182,110,6.9726562
2.0,21.65,9.330276,109,9.99707
0.0,21.65,19.92437,119,6.935547
2.0,21.7,9.349593,123,6.6445312
1.5,21.65,9.288288,111,5.998047
0.5,21.65,9.321428,112,21.881836
0.5,21.65,9.316667,120,5.911133
1.0,21.65,9.333333,120,6.4589844
2.0,21.65,9.3125,112,13.681641
0.5,21.68,9.322835,127,7.6015625
1.0,21.65,9.362069,116,22.217773
0.5,21.65,9.299066,107,9.09668
0.5,21.68,9.554545,110,7.310547
1.0,21.65,9.359649,114,6.7910156
1.0,21.68,9.362904,124,8.169922
2.5,21.68,13.833334,108,8.525391
0.5,21.65,9.316239,117,8.083984
1.0,21.7,12.635593,118,21.838867
1.0,21.65,9.608696,115,10.485352
0.5,21.68,9.375,112,7.7402344
3.0,21.68,9.353448,116,8.527344
0.5,21.68,9.361344,119,7.685547
1.5,21.68,9.347458,118,25.344727
0.5,21.7,9.421875,128,12.969727
1.0,21.68,9.311476,122,6.3964844
1.5,21.68,9.345454,110,7.9121094
1.0,21.7,9.408695,115,6.9160156
0.5,21.68,9.357142,98,19.33496
1.0,21.7,9.401869,107,10.169922
0.5,21.68,10.75,124,8.583984
2.5,21.7,9.336634,101,7.8115234
1.0,21.7,9.33945,109,10.035156
1.0,21.68,9.3359375,128,7.09375
0.5,21.68,9.373015,126,5.5097656
0.5,21.7,9.373913,115,21.010742
1.0,21.68,9.391666,120,9.102539
0.5,21.68,9.37037,108,6.455078
3.9,21.68,9.361111,108,6.3691406
0.5,21.65,9.403669,109,4.951172
0.5,21.68,9.3529415,102,20.50293
1.5,21.68,9.375,104,8.657227
1.0,21.68,9.850877,114,8.246094
2.0,21.68,9.290598,117,7.8203125
0.5,21.68,13.115702,121,8.6328125
0.5,21.68,9.362205,127,23.344727
0.0,21.65,9.398305,118,8.048828
1.0,21.65,9.382113,123,8.677734
1.0,21.65,9.368,125,8.231445
0.5,21.65,9.391304,92,7.185547
1.5,21.68,9.362832,113,8.248047
1.0,21.68,9.365853,123,7.0273438
1.0,21.65,12.294117,119,23.80371
1.0,21.65,9.472868,129,8.137695
2.0,21.65,9.403846,104,7.2246094
1.5,21.65,9.440678,118,7.736328
1.0,21.68,9.3984375,128,9.207031
1.5,21.65,9.389313,131,19.944336
2.5,21.68,9.342105,114,10.129883
0.5,21.68,9.606837,117,6.7148438
2.0,21.68,9.347458,118,7.1347656
1.5,21.68,9.372881,118,8.619141
0.5,21.68,15.2,125,21.516602
1.0,21.68,9.389474,95,6.9101562
0.5,21.68,9.38938,113,8.582031
2.0,21.68,9.330435,115,12.293945
0.5,21.68,9.372263,137,9.139648
1.5,21.68,9.378378,111,7.7382812
1.0,21.68,9.333333,120,8.753906
1.5,21.68,9.318966,116,21.161133
1.0,21.68,9.760684,117,7.8779297
1.0,21.68,9.3412695,126,6.345703
2.0,21.68,9.392858,112,10.830078
1.5,21.68,9.360902,133,6.060547
0.5,21.68,10.642201,109,20.999023
0.0,21.68,9.354546,110,9.94043
0.5,21.68,9.361111,108,9.847656
2.0,21.68,9.333333,135,6.966797
0.5,21.68,9.405172,116,9.667969
0.5,21.68,9.371901,121,24.211914
1.0,21.68,10.858209,134,7.0351562
0.5,21.68,10.552846,123,5.5527344
1.5,21.65,9.769912,113,7.819336
1.5,21.65,9.369748,119,6.8847656
3.0,21.65,12.698277,116,7.359375
1.5,21.65,9.368853,122,7.9785156
0.5,21.68,15.11111,108,19.643555
0.5,21.65,9.666667,117,9.469727
1.5,21.65,9.326923,104,9.972656
0.5,21.68,9.365217,115,6.8710938
1.0,21.65,9.398305,118,6.892578
0.0,21.68,9.38938,113,20.60254
1.0,21.65,9.353982,113,8.186523
1.5,21.65,9.565574,122,6.392578
3.4,21.68,9.378151,119,5.544922
1.0,21.68,9.396397,111,10.037109
1.5,21.68,9.66923,130,20.104492
2.0,21.68,9.490566,106,8.7578125
1.0,21.68,9.419642,112,5.4921875
0.5,21.68,9.40171,117,6.870117
2.5,21.68,9.38938,113,6.8027344
1.0,21.68,9.5,118,8.974609
0.5,21.68,9.378641,103,9.671875
0.0,21.68,12.806723000000002,119,23.12793
1.0,21.68,9.373913,115,9.274414
0.5,21.68,9.391666,120,7.7441406
1.5,21.68,9.342342,111,8.681641
1.5,21.68,9.382608,115,7.2382812
0.5,21.68,9.344262,122,22.004883
1.5,21.68,9.375,112,11.588867
0.0,21.68,9.630769,130,9.144531
2.5,21.68,9.418605,129,6.3847656
1.5,21.68,9.453704,108,9.53125
1.0,21.68,9.745614,114,18.893555
1.5,21.68,9.479167,96,5.939453
1.0,21.68,9.354546,110,8.175781
0.5,21.65,9.389831,118,11.905273
2.0,21.68,9.336538,104,8.748047
2.5,21.68,9.392858,112,8.511719
1.5,21.68,14.846775,124,7.736328
1.0,21.68,9.412699,126,16.520508
1.0,21.68,9.366667,120,9.549805
0.5,21.65,9.390909,110,7.029297
1.5,21.68,9.373913,115,4.0253906
2.0,21.65,9.416667,108,6.34375
0.5,21.65,9.403669,109,17.918945
0.5,21.65,15.158417,101,9.233398
1.0,21.65,9.44,100,8.697266
2.0,21.68,9.358974,117,7.4746094
1.0,21.65,9.381356,118,6.517578
1.0,21.65,10.957983,119,21.905273
1.5,21.68,9.368,125,7.3984375
0.0,21.65,9.404959,121,17.67871
0.5,21.65,9.467742,124,10.436523
0.5,21.65,9.373015,126,6.392578
2.0,21.65,9.7,90,6.40625
1.0,21.68,9.405172,116,6.7382812
3.5,21.68,9.4262295,122,22.717773
0.5,21.7,9.4529915,117,12.227539
1.0,21.68,9.353847,130,8.5625
1.0,21.68,9.380953,105,9.464844
1.0,21.7,9.358334,120,6.408203
0.5,21.7,9.3828125,128,22.80957
1.0,21.7,9.515152,132,7.9404297
0.5,21.7,9.38938,113,9.8671875
1.5,21.7,9.367521,117,6.4101562
1.5,21.7,9.430894,123,7.2753906
1.5,21.7,9.765218,115,20.174805
0.5,21.7,9.435898,117,6.3320312
1.0,21.7,9.36,100,7.696289
0.5,21.68,9.387387,111,10.116211
1.5,21.68,9.4,115,9.984375
2.0,21.7,9.57971,138,8.300781
2.0,21.68,9.4561405,114,7.4179688
0.5,21.68,10.380531,113,20.670898
1.5,21.7,9.375,120,9.555664
1.5,21.68,9.412281,114,12.025391
1.5,21.7,9.412699,126,5.6152344
1.5,21.7,9.433333,120,11.826172
1.5,21.68,9.426356,129,20.59668
0.0,21.7,9.435185,108,6.708008
0.0,21.7,9.377358,106,6.9101562
1.5,21.7,9.431192,109,9.2109375
1.0,21.7,9.365672,134,5.0058594
0.0,21.7,9.811476,122,21.05371
1.0,21.7,9.423729,118,8.630859
0.0,21.7,10.977612,134,22.442383
1.5,21.7,9.404959,121,8.004883
1.5,21.7,9.417392,115,7.859375
1.0,21.7,9.445378,119,6.46875
1.5,21.7,9.478261,115,7.15625
1.0,21.7,9.357723,123,20.22754
0.0,21.7,9.481818,110,9.862305
1.0,21.7,9.4,115,7.6152344
1.5,21.7,9.5,104,9.515625
0.5,21.7,9.414414,111,5.6152344
1.5,21.7,9.403226,124,21.307617
0.0,21.68,9.391304,115,10.737305
1.0,21.7,9.486486,111,5.9023438
1.5,21.7,9.403361,119,9.904297
1.5,21.7,15.058823,119,5.998047
1.0,21.7,9.595041,121,22.733398
0.5,21.7,9.430894,123,8.197266
2.0,21.7,9.415842,101,18.88379
0.5,21.7,9.361344,119,6.5302734
1.5,21.7,9.353982,113,6.5878906
1.5,21.7,9.373913,115,7.2109375
1.0,21.7,15.637932,116,6.9902344
0.5,21.7,10.6603775,106,22.135742
0.5,21.7,15.115044,113,11.286133
1.5,21.7,9.3529415,119,6.5195312
1.5,21.7,9.40171,117,10.105469
0.5,21.7,10.921053,114,5.2265625
1.0,21.7,9.3693695,111,20.94043
1.5,21.7,9.442623,122,10.272461
1.5,21.7,9.808696,115,8.191406
2.5,21.7,9.465649,131,8.149414
0.5,21.7,9.369231,130,4.7226562
1.0,21.7,9.897196,107,18.905273
2.5,21.7,9.455358,112,5.4375
1.0,21.7,9.421053,95,19.32129
0.5,21.7,9.428572,112,8.583008
1.0,21.7,9.434783,115,10.306641
1.5,21.7,9.6972475,109,8.314453
2.0,21.7,9.415929,113,8.253906
1.0,21.7,9.406504,123,21.80957
0.0,21.7,9.424,125,7.493164
0.5,21.7,9.380165,121,9.869141
2.0,21.7,9.435185,108,6.9023438
1.0,21.7,10.338983,118,4.6621094
1.0,21.7,9.405661,106,20.21582
0.0,21.7,9.433962,106,9.688477
0.5,21.7,9.519231,104,7.3476562
2.0,21.7,9.454545,99,10.102539
1.0,21.7,9.428572,119,5.5117188
1.5,21.7,9.440678,118,22.782227
1.5,21.7,9.446281,121,7.7753906
1.0,21.7,9.411765,119,18.750977
0.5,21.7,9.366667,120,11.405273
0.5,21.7,9.426356,129,9.564453
1.5,21.7,9.685484,124,7.2304688
78.5,21.78,9.161616,99,22.603516
80.8,21.78,8.978873,142,6.0742188
78.6,21.78,8.965517,116,5.451172
84.0,21.78,9.049505,101,7.3320312
79.6,21.81,8.876288,97,22.048828
80.0,21.78,8.927928,111,7.357422
81.1,21.75,8.809524,126,20.634766
80.6,21.78,8.792079,101,8.189453
78.6,21.78,8.814815,108,6.328125
84.2,21.78,9.230159,126,11.015625
79.8,21.78,8.787401,127,9.9453125
79.1,21.78,8.903509,114,7.6875
79.7,21.78,8.844828,116,10.208984
79.7,21.78,8.76378,127,7.3027344
81.4,21.78,8.756098,123,8.436523
75.9,21.78,8.884955,113,22.387695
82.9,21.81,8.793651,126,8.5625
79.4,21.78,8.808333,120,6.9277344
79.4,21.78,8.810811,111,20.797852
79.4,21.78,8.768,125,7.1464844
78.9,21.78,8.803279,122,7.8027344
82.3,21.78,8.777778,108,9.082031
80.9,21.78,8.770492,122,6.4570312
77.1,21.78,8.776859,121,9.986328
79.2,21.78,8.8125,112,7.5878906
80.9,21.78,8.8938055,113,7.5634766
80.4,21.78,8.929133,127,8.813477
84.3,21.78,8.752137,117,18.094727
80.6,21.78,8.821782,101,6.001953
81.5,21.78,8.8046875,128,7.34375
80.9,21.78,9.933962,106,6.9726562
81.6,21.78,8.820755,106,8.327148
81.7,21.78,8.808696,115,5.8203125
83.1,21.78,9.209091,110,9.543945
80.9,21.78,8.773109,119,20.895508
81.1,21.78,8.882883,111,9.625
79.6,21.78,8.820513,117,9.323242
81.2,21.78,8.908334,120,18.862305
2.0,21.73,9.468085,94,7.0117188
5.0,21.71,9.429825,114,21.387695
1.0,21.7,9.449153,118,8.317383
1.0,21.7,9.487395,119,11.322266
2.0,21.7,9.44186,129,8.630859
1.5,21.7,9.457944,107,9.8515625
0.5,21.7,9.4959345,123,21.05371
0.5,21.7,9.512,125,13.78418
0.5,21.7,9.606061,132,7.0253906
2.0,21.7,9.4,115,10.948242
0.5,21.7,9.461538,117,4.498047
1.5,21.7,9.487395,119,12.021484
2.0,21.7,9.422414,116,5.6601562
0.5,21.7,9.495727,117,18.358398
0.5,21.7,9.490196,102,9.938477
1.5,21.7,9.446428,112,6.3242188
1.5,21.7,9.452174,115,9.644531
2.0,21.7,9.518249,137,7.2929688
1.0,21.7,9.4561405,114,19.64746
1.0,21.7,9.450451,111,7.3095703
0.0,21.7,9.390244,123,6.8496094
1.5,21.7,9.433628,113,14.884766
0.0,21.7,9.404762,126,5.5507812
0.5,21.7,12.123966,121,23.926758
0.5,21.7,9.456693,127,9.553711
0.0,21.7,9.7570095,107,3.6953125
2.5,21.7,9.412844,109,7.6904297
1.5,21.7,9.447619,105,10.994141
0.5,21.7,9.463768,138,16.04004
2.0,21.7,9.429752,121,9.571289
0.5,21.7,15.745762,118,22.85254
0.0,21.7,9.425373,134,12.290039
0.5,21.7,9.436975,119,6.9140625
1.5,21.7,13.808695,115,7.9472656
1.0,21.7,9.479339,121,7.609375
0.5,21.7,9.412281,114,20.149414
1.0,21.7,9.467213,122,6.7978516
0.5,21.7,9.440367,109,8.578125
2.0,21.7,10.313044,115,6.173828
1.5,21.68,9.462264,106,7.2871094
0.5,21.7,9.4862385,109,19.14746
0.0,21.68,9.422764,123,10.40918
0.5,21.7,9.7,120,8.683594
1.5,21.7,9.458715,109,10.647461
0.5,21.7,9.470085,117,9.943359
1.5,21.7,9.445378,119,8.640625
2.0,21.7,9.4651165,129,8.068359
0.0,21.7,9.465517,116,21.004883
1.0,21.7,9.445544,101,7.411133
1.0,21.7,9.46281,121,6.5195312
1.0,21.7,9.6306305,111,6.2871094
1.5,21.7,9.444445,117,6.7285156
1.5,21.7,9.539823,113,18.948242
1.5,21.7,9.509434,106,8.141602
0.5,21.7,9.4375,112,9.177734
1.0,21.7,9.479339,121,7.8515625
1.0,21.7,9.516949,118,8.6328125
0.5,21.7,9.429825,114,19.30957
0.5,21.7,9.459459,111,10.520508
1.0,21.7,9.672269,119,7.357422
2.0,21.7,9.466102,118,9.604492
1.5,21.7,9.449613,129,5.9472656
2.0,21.7,9.801527,131,5.0507812
0.5,21.7,9.388889,108,5.498047
0.0,21.7,9.486486,111,19.27246
1.0,21.7,9.452632,95,7.8271484
0.5,21.7,20.72807,114,6.0683594
1.5,21.7,9.425926,108,9.019531
1.5,21.7,9.4375,112,7.501953
0.5,21.7,9.568966,116,20.993164
3.9,21.73,17.140495,121,12.166992
0.5,21.7,9.5625,128,6.890625
2.0,21.7,9.457627,118,10.119141
0.0,21.7,9.460177,113,6.0039062
1.0,21.7,9.4561405,114,21.791992
1.0,21.7,9.53271,107,7.0273438
0.5,21.7,9.480769,104,7.685547
1.5,21.7,9.54717,106,7.7666016
1.0,21.7,9.495049,101,8.691406
2.5,21.7,9.491228,114,6.0566406
2.0,21.7,9.42742,124,7.8789062
1.0,21.7,9.46281,121,21.168945
0.5,21.7,9.479339,121,8.894531
1.0,21.7,9.482142,112,8.138672
2.0,21.7,9.78626,131,10.59375
0.5,21.7,10.857142,126,7.9140625
6.0,21.7,9.4,95,21.575195
1.5,21.7,9.483051,118,10.883789
1.5,21.7,9.426087,115,6.4472656
1.5,21.7,9.466666,120,10.495117
1.0,21.7,9.459678,124,6.3339844
2.0,21.7,9.455358,112,9.09375
0.0,21.7,9.575,120,9.699219
1.5,21.7,9.421053,133,22.47168
0.0,21.7,9.424,125,7.2958984
0.5,21.7,9.438597,114,9.201172
1.5,21.73,9.444445,117,5.9570312
0.5,21.7,9.516394,122,7.1328125
1.5,21.7,9.452174,115,22.356445
0.0,21.7,9.449153,118,6.6396484
1.5,21.7,20.194174,103,5.5
2.0,21.7,11.258928,112,6.404297
0.5,21.7,9.606837,117,10.435547
0.5,21.7,9.432836,134,21.012695
1.5,21.7,9.587719,114,10.047852
1.5,21.7,13.11017,118,23.254883
0.5,21.73,14.543104,116,9.602539
0.5,21.7,9.477876,113,8.576172
2.0,21.7,9.4765625,128,6.3828125
0.5,21.73,9.535433,127,5.169922
0.5,21.7,9.4529915,117,19.600586
1.0,21.7,9.508772,114,6.7958984
0.5,21.7,9.46602,103,5.6015625
2.0,21.7,9.4375,112,8.703125
1.0,21.7,9.463235,136,7.2421875
0.0,21.7,9.508197,122,22.518555
0.5,21.7,9.467742,124,7.833008
1.5,21.7,9.553719,121,8.753906
1.5,21.7,9.483606,122,8.552734
2.0,21.7,9.446428,112,6.78125
1.0,21.7,9.4959345,123,21.452148
1.0,21.7,9.788136,118,6.8789062
1.0,21.7,9.491667,120,20.49121
1.0,21.7,9.424528,106,8.37793
0.0,21.7,9.530435,115,5.1035156
2.0,21.7,15.119658,117,7.7910156
0.5,21.7,9.514852,101,8.8125
0.5,21.7,9.430894,123,18.438477
1.5,21.7,9.5172415,116,8.436523
1.0,21.7,9.508928,112,7.345703
2.0,21.7,9.666667,111,7.7929688
0.5,21.7,9.491936,124,10.931641
1.0,21.7,9.41844,141,20.61621
0.5,21.7,9.509615,104,9.485352
1.0,21.7,9.514286,105,6.4492188
0.5,21.7,12.603449,116,7.166992
0.5,21.7,11.842106,114,5.71875
0.0,21.7,9.461538,117,21.95996
2.0,21.7,9.466102,118,7.392578
1.5,21.7,9.495049,101,19.32129
1.5,21.7,13.561403,114,11.198242
0.0,21.7,9.446281,121,9.662109
2.0,21.7,9.4789915,119,7.013672
0.0,21.7,9.508928,112,7.484375
1.0,21.7,9.645454,110,22.38379
1.0,21.7,9.425,120,10.067383
1.0,21.7,9.491936,124,8.056641
1.5,21.7,13.782946,129,10.146484
0.5,21.7,9.454545,121,7.4277344
1.0,21.7,9.53211,109,18.651367
0.5,21.7,9.513514,111,7.323242
1.0,21.7,9.479167,96,8.066406
2.5,21.7,9.991526,118,7.649414
1.5,21.7,9.477064,109,6.620117
0.0,21.7,9.514019,107,21.58496
3.0,21.7,9.541667,120,7.7558594
1.5,21.7,9.45,120,21.67871
1.0,21.7,9.512605,119,6.7998047
1.0,21.7,9.523809,126,7.685547
1.5,21.7,9.462963,108,8.779297
1.0,21.7,9.513043,115,8.119141
0.5,21.7,9.877358,106,18.432617
1.0,21.7,9.470589,102,6.8408203
0.0,21.7,9.495496,111,5.689453
2.0,21.7,9.626263,99,7.861328
1.0,21.7,9.491667,120,7.859375
0.0,21.7,9.475,120,21.172852
1.0,21.7,9.4959345,123,8.65918
0.5,21.7,9.441667,120,9.974609
1.5,21.7,9.535714,112,7.4814453
0.0,21.7,15.619404,134,8.707031
3.0,21.7,9.51282,117,20.293945
1.0,21.7,9.529411,59,19.206055
1.5,21.7,18.06087,57,6.881836
1.5,21.73,9.491936,64,5.972656
1.5,21.7,9.532258,70,6.3359375
1.0,21.7,9.514019,60,6.845703
0.5,21.7,9.556452,62,21.55957
1.5,21.7,9.515385,70,8.889648
0.5,21.7,9.512,65,8.691406
2.5,21.7,10.042017,59,4.193359
1.5,21.7,9.535714,62,3.5917969
0.0,21.7,13.272728,61,20.993164
0.5,21.7,9.504132,61,11.387695
0.5,21.7,9.495652,55,6.34375
1.0,21.7,9.8,60,8.213867
0.0,21.7,9.573913,60,8.306641
1.0,21.73,9.5,61,22.516602
1.5,21.7,9.450381,71,5.8945312
1.0,21.7,9.695652,42,23.59668
0.5,21.7,9.518182,58,11.999023
1.0,21.7,9.553719,61,8.244141
2.5,21.7,9.455358,52,6.1328125
1.5,21.7,26.596775,64,5.248047
1.5,21.7,9.541985,71,19.149414
0.5,21.7,9.466102,58,9.110352
0.0,21.7,9.527273,53,4.3027344
2.0,21.7,9.688073,49,6.564453
1.5,21.7,9.559633,49,7.6328125
1.5,21.7,9.481203,73,3.34668
1.0,21.7,9.524194,64,10.948242
2.0,21.7,9.467742,64,6.4023438
2.5,21.7,9.669421,61,10.057617
1.5,21.7,9.525,62,10.4765625
1.5,21.7,9.641666,60,8.1796875
1.0,21.7,9.4789915,59,10.8203125
0.5,21.7,9.529915,57,21.444336
1.0,21.7,12.140495,61,8.87207
1.5,21.7,9.546296,48,4.207031
0.5,21.7,9.5,56,3.25
1.0,21.7,9.570175,54,7.294922
0.5,21.7,9.541667,66,5.850586
1.0,21.7,9.552,65,6.3447266
1.0,21.7,9.491667,60,7.8027344
2.0,21.73,9.590909,67,5.2246094
1.0,21.7,9.5,56,6.9609375
0.5,21.73,9.504348,55,22.350586
1.0,21.7,9.551724,89,7.4228516
1.5,21.7,9.613208,46,6.970703
1.0,21.73,9.485148,41,4.152344
0.0,21.7,9.525862,56,7.0625
1.5,21.73,9.539823,63,5.8046875
0.5,21.73,9.568966,66,7.3359375
